,brand,img
0,0.387AU,https://image.msscdn.net/mfile_s01/_brand/free_medium/0387au.png?202206081204
1,1017 ALXY 9SM,https://image.msscdn.net/mfile_s01/_brand/free_medium/1017alyx9sm.png?202210141559
2,108SEOUL,https://image.msscdn.net/mfile_s01/_brand/free_medium/108seoul.png?202105211055
3,119REO,https://image.msscdn.net/mfile_s01/_brand/free_medium/119reo.png?202108111650
4,14 STUDIO,https://image.msscdn.net/mfile_s01/_brand/free_medium/14studio.png?202105211055
5,145OFFICE,https://image.msscdn.net/mfile_s01/_brand/free_medium/145office.png?202105211056
6,1754 CLASSIC,https://image.msscdn.net/mfile_s01/_brand/free_medium/1754classic.png?202105211056
7,175planet,https://image.msscdn.net/mfile_s01/_brand/free_medium/175planet.png?202208221728
8,1993STUDIO,https://image.msscdn.net/mfile_s01/_brand/free_medium/1993studio.png?202211141046
9,2000ARCHIVES,https://image.msscdn.net/mfile_s01/_brand/free_medium/2000archives.png?202210201406
10,201BREED,https://image.msscdn.net/mfile_s01/_brand/free_medium/201breed.png?202110191044
11,210EDIT,https://image.msscdn.net/mfile_s01/_brand/free_medium/210.png?202211111550
12,2113 STUDIO,https://image.msscdn.net/mfile_s01/_brand/free_medium/blacxyohanix.png?202206071405
13,23.65,https://image.msscdn.net/mfile_s01/_brand/free_medium/2365.png?202209141655
14,235LABORATORY,https://image.msscdn.net/mfile_s01/_brand/free_medium/235laboratory.png?202105211055
15,247 SEOUL,https://image.msscdn.net/mfile_s01/_brand/free_medium/247seoul.png?202210281257
16,247SERIES,https://image.msscdn.net/mfile_s01/_brand/free_medium/247series.png?202210141515
17,24HOUREDGE,https://image.msscdn.net/mfile_s01/_brand/free_medium/ebin.png?202208171135
18,261EUI,https://image.msscdn.net/mfile_s01/_brand/free_medium/261eui.png?202105211056
19,2MONKEY,https://image.msscdn.net/mfile_s01/_brand/free_medium/2monkey.png?202205171859
20,303PEOPLES,https://image.msscdn.net/mfile_s01/_brand/free_medium/303peoples.png?202206071358
21,3130STUDIO,https://image.msscdn.net/mfile_s01/_brand/free_medium/3130studio.png?202107151400
22,320SHOWROOM,https://image.msscdn.net/mfile_s01/_brand/free_medium/320showroom.png?202202111109
23,33MUSEMENT,https://image.msscdn.net/mfile_s01/_brand/free_medium/33musement.png?202105211055
24,33APARTMENT,https://image.msscdn.net/mfile_s01/_brand/free_medium/33apartment.png?202207071132
25,38COMEONCOMMON,https://image.msscdn.net/mfile_s01/_brand/free_medium/38comeoncommon.png?202204061553
26,40oz NYC,https://image.msscdn.net/mfile_s01/_brand/free_medium/40oznyc.png?202201051109
27,47BAG,https://image.msscdn.net/mfile_s01/_brand/free_medium/47bag.png?202201171442
28,47 BRAND,https://image.msscdn.net/mfile_s01/_brand/free_medium/47brand.png?202209291405
29,4MONSTER,https://image.msscdn.net/mfile_s01/_brand/free_medium/4monster.png?202210201113
30,5.11 TACTICAL,https://image.msscdn.net/mfile_s01/_brand/free_medium/511tactical.png?202204061506
31,51PERCENT,https://image.msscdn.net/mfile_s01/_brand/free_medium/51percent.png?202202141702
32,5252BYOIOI,https://image.msscdn.net/mfile_s01/_brand/free_medium/5252byoioi.png?202211091641
33,69SLAM,https://image.msscdn.net/mfile_s01/_brand/free_medium/69slam.png?202210201129
34,726GEARS,https://image.msscdn.net/mfile_s01/_brand/free_medium/726gears.png?202205171859
35,7321DESIGN,https://image.msscdn.net/mfile_s01/_brand/free_medium/7321design.png?202105261426
36,803STUDIO,https://image.msscdn.net/mfile_s01/_brand/free_medium/803studio.png?202105211055
37,86ROAD,https://image.msscdn.net/mfile_s01/_brand/free_medium/86road.png?202211141937
38,88LIMITED,https://image.msscdn.net/mfile_s01/_brand/free_medium/88limited.png?202106291143
39,9.81 PARK,https://image.msscdn.net/mfile_s01/_brand/free_medium/981park.png?202203251222
40,925DAY,https://image.msscdn.net/mfile_s01/_brand/free_medium/925day.png?202105211056
41,9WISHES,https://image.msscdn.net/mfile_s01/_brand/free_medium/9wishes.png?202206070948
42,100%,https://image.msscdn.net/mfile_s01/_brand/free_medium/100percent.png?202207181238
43,4OUR B,https://image.msscdn.net/mfile_s01/_brand/free_medium/4ourb.png?202210271352
44,4711,https://image.msscdn.net/mfile_s01/_brand/free_medium/4711.png?202204061054
45,337LEE,https://image.msscdn.net/mfile_s01/_brand/free_medium/337lee.png?202207280921
46,377PLACE,https://image.msscdn.net/mfile_s01/_brand/free_medium/377place.png?202109071225
47,02ARMOIRE,https://image.msscdn.net/mfile_s01/_brand/free_medium/02armoire.png?202206211412
48,2NDESIGN,https://image.msscdn.net/mfile_s01/_brand/free_medium/2ndesign.png?202105211056
49,6MASK,https://image.msscdn.net/mfile_s01/_brand/free_medium/6mask.png?202105211055
50,6MASK KIDS,https://image.msscdn.net/mfile_s01/_brand/free_medium/6maskkids.png?202201101242
51,6FT,https://image.msscdn.net/mfile_s01/_brand/free_medium/6ft.png?202206031617
52,32DAWN,https://image.msscdn.net/mfile_s01/_brand/free_medium/32dawn.png?202112021513
53,13MONTH,https://image.msscdn.net/mfile_s01/_brand/free_medium/13month.png?202208301008
54,100BON,https://image.msscdn.net/mfile_s01/_brand/free_medium/100bon.png?202206291739
55,3CE,https://image.msscdn.net/mfile_s01/_brand/free_medium/3ce.png?202206221511
56,3PAGES,https://image.msscdn.net/mfile_s01/_brand/free_medium/3pages.png?202208291744
57,8DIVISION,https://image.msscdn.net/mfile_s01/_brand/free_medium/8division.png?202105211055
58,18OBER,https://image.msscdn.net/mfile_s01/_brand/free_medium/18ober.png?202210070908
59,8GROW,https://image.msscdn.net/mfile_s01/_brand/free_medium/8grow.png?202111181715
60,8SECONDS,https://image.msscdn.net/mfile_s01/_brand/free_medium/8seconds.png?202211091038
61,8HOURS,https://image.msscdn.net/mfile_s01/_brand/free_medium/8hours.png?202205031008
62,8CLOTHE,https://image.msscdn.net/mfile_s01/_brand/free_medium/8clothe.png?202211071756
63,5OML,https://image.msscdn.net/mfile_s01/_brand/free_medium/oel.png?202203031425
64,오징어 게임,https://image.msscdn.net/mfile_s01/_brand/free_medium/squidgame.png?202110181114
65,5PENING,https://image.msscdn.net/mfile_s01/_brand/free_medium/5pening.png?202206091500
66,1LOVE,https://image.msscdn.net/mfile_s01/_brand/free_medium/1love.png?202112311127
67,1AND90,https://image.msscdn.net/mfile_s01/_brand/free_medium/1and90.png?202209011431
68,1FLR,https://image.msscdn.net/mfile_s01/_brand/free_medium/1flr.png?202206070958
69,29COMMERCE,https://image.msscdn.net/mfile_s01/_brand/free_medium/29commerce.png?202208051141
70,25PERCENTAGE,https://image.msscdn.net/mfile_s01/_brand/free_medium/25percentage.png?202209281435
71,27Y,https://image.msscdn.net/mfile_s01/_brand/free_medium/27y.png?202211141920
72,210X297,https://image.msscdn.net/mfile_s01/_brand/free_medium/210x297.png?202105211056
73,1990BOY,https://image.msscdn.net/mfile_s01/_brand/free_medium/1990boy.png?202105211055
74,134MM,https://image.msscdn.net/mfile_s01/_brand/free_medium/134mm.png?202105211055
75,1159STUDIO,https://image.msscdn.net/mfile_s01/_brand/free_medium/1159studio.png?202211082016
76,112365,https://image.msscdn.net/mfile_s01/_brand/free_medium/112365.png?202105211055
77,1000V,https://image.msscdn.net/mfile_s01/_brand/free_medium/1000v.png?202105211055
78,1004LABORATORY,https://image.msscdn.net/mfile_s01/_brand/free_medium/atvt.png?202105211055
79,707,https://image.msscdn.net/mfile_s01/_brand/free_medium/707.png?202206071406
80,79BY79,https://image.msscdn.net/mfile_s01/_brand/free_medium/79by79.png?202105211055
81,20TH HOLE,https://image.msscdn.net/mfile_s01/_brand/free_medium/20thhole.png?202209081218
82,2AN,https://image.msscdn.net/mfile_s01/_brand/free_medium/2an.png?202111081551
83,2FLOW,https://image.msscdn.net/mfile_s01/_brand/free_medium/2flow.png?202105211055
84,2CUBE,https://image.msscdn.net/mfile_s01/_brand/free_medium/2cube.png?202209291608
85,5HOURS,https://image.msscdn.net/mfile_s01/_brand/free_medium/5hours.png?202208220945
86,4DEAWORKS,https://image.msscdn.net/mfile_s01/_brand/free_medium/4deaworks.png?202105211055
87,4EED,https://image.msscdn.net/mfile_s01/_brand/free_medium/4eed.png?202112011416
88,4WIN,https://image.msscdn.net/mfile_s01/_brand/free_medium/4win.png?202105211055
89,4T2ND,https://image.msscdn.net/mfile_s01/_brand/free_medium/4t2nd.png?202105211055
